Humor,Emotions and Feelings,Medical/Health Conditions,Alcohol,Cannabis,Cognitive Enhancement,commonly-misused substances,consumption method,awareness and advocacy,other substances,platform,substance effects,tobacco/nicotine,Location,occupation,Identity-Based Risk Groups
addictionhumor,love,depressionandanxiety,alcohol,weed,cognitiveenhancers,opioids,smoking,harmreductionsaveslives,vitamins,fyp,stoned,vaping,kensingtonphilly,medstudent,lgbtqia
drughumor,hope,addiction,beers,pot,modafinil,opiates,drinking,soberlife,creatine,greenscreen,high,nicotine,vancouverbc,nurselife,transgender
recoveryhumor,struggle,opioidaddiction,alchohol,cannabis,nootropics,heroin,drink,druglaws,magnesium,tiktok,wasted,ecig,bayarea,exprostitute,lgbtqtiktok
,kindness,substanceabuse,vodka,greens,nootrostatic,fent,shmokesumthin,drugpolicy,magnesiumglycinate,viral,blackedout,ecigs,toronto,medicalstudent,queergirl
,lovemyself,substanceusedisorder,whiskey,stonersoftiktok,smartdrugs,fentfriday,shmoke,pwud,vitamink,trending,highasfuck,juul,philly,healthcareworkers,queertiktok
,happytobealive,mentalhealth,cocktails,stonervibes,smartpills,xans,shmoketok,pwuds,tylenol,capcut,haf,cigarettes,midwest,socialworkersoftiktok,feralqueer
,trauma,chronicpain,wine,stoner,cerebrolysin,xanny,keepsmokingtheherb,opioidawareness,disprin,duet,shitfaced,vaper,boston,socialworker,whitegirl
,loveyall,chronicpainsufferers,liquor,laganjaestranja,,xantok,drinkingtools,opioidcrisis,ayurveda,stitch,tipsy,cigarette,sanfrancisco,frontlineworkers,transtok
,vibes,headache,tequila,420vibes,,xandemic,injection,overdoseawareness,tylenoltuesday,fypシ゚viral,drunk,vape,usa,matnurse,indian
,happy,migraine,booze,dabs,,m0lly,injectinguser,overdosecrisis,ibuprofen,fypシ,hammered,cig,uk,streetnurse,gaygirl
,gratitude,addicted,chugbeer,wax,,molly,inhaler,harmreduction,suplements,foryou,blackout,cigs,canada,nursetiktok,
,fear,bpd,beerfunnel,shmeeds,,percs,inhaling,harmreductionworks,coughsyrup,foryoupage,hightimes,tobacco,,therapist,
,makesomeonesmile,bpdtiktok,drinkinggames,,,percoset,keepsmoking,harmreductiontips,overthecounter,foryourpage,gurning,nicotinefein,,,
,,addictionisreal,wildmandrinking,,,perc30s,inhalation,narcan,ibuprofeno,xyzbca,gurner,nicotinegum,,,
,,ptsd,,,,lean,,narcansaveslives,collagen,trend,drunkaf,nicorettepatch,,,
,,depression,,,,leantok,,naloxone,,,,,,,
,,anxiety,,,,acid,,naloxonesaveslives,,,,,,,
,,chronicpainwarrior,,,,mescaline,,safesupply,,,,,,,
,,allergy,,,,pinger,,endoverdose,,,,,,,
,,infection,,,,pingertok,,overdoseresponse,,,,,,,
,,allergies,,,,pingtok,,stopsmoking,,,,,,,
,,seizures,,,,pingerzzzz,,smokingkills,,,,,,,
,,epilespy,,,,emma,,quitnicotine,,,,,,,
,,insomnia,,,,drank,,stopvapping,,,,,,,
,,fever,,,,thatdrank,,quitvapping,,,,,,,
,,cough,,,,bars,,sobriety,,,,,,,
,,adtiction,,,,30s,,sober,,,,,,,
,,asthma,,,,40s,,soberliving,,,,,,,
,,sorethroat,,,,512s,,cleanandsober,,,,,,,
,,flu,,,,yellows,,recovery,,,,,,,
,,fluseason,,,,biak,,onedayatatime,,,,,,,
,,bronchitis,,,,epills,,odaat,,,,,,,
,,pain,,,,psychedelictok,,na,,,,,,,
,,inhalantsaddiction,,,,lsdart,,detox,,,,,,,
,,,,,,magicmushroomsadventures,,sobrietybirthday,,,,,,,
,,,,,,libcaps,,soberhouse,,,,,,,
,,,,,,libertycapss,,wedorecover,,,,,,,
,,,,,,thom,,relapsehappens,,,,,,,
,,,,,,nosebeers,,methadoneclinic,,,,,,,
,,,,,,c0deine,,naltrexone,,,,,,,
,,,,,,inhalants,,drugrehab,,,,,,,
,,,,,,whippets,,dropthosedates,,,,,,,
,,,,,,whipit,,matsaves,,,,,,,
,,,,,,balloons,,stopthestigma,,,,,,,
,,,,,,adderral,,alcoholfreejourney,,,,,,,
,,,,,,addy,,alcoholic,,,,,,,
,,,,,,,,alcoholism,,,,,,,